law,crime_head,serial,is_main,year,cases,crime_rate,ipc_cases,bns_cases
IPC/BNS,Rape,1,True,2022,31516.0,2.3,,
IPC/BNS,Rape,1,True,2023,29670.0,2.1,,
IPC/BNS,Rape,1,True,2024,29536.0,2.1,19683.0,9853.0
IPC/BNS,Attempt to Commit Rape,2,True,2022,3288.0,0.2,,
IPC/BNS,Attempt to Commit Rape,2,True,2023,2796.0,0.2,,
IPC/BNS,Attempt to Commit Rape,2,True,2024,2561.0,0.2,1503.0,1058.0
IPC/BNS,Sexual Intercourse by employing deceitful means,3,True,2022,,,,
IPC/BNS,Sexual Intercourse by employing deceitful means,3,True,2023,,,,
IPC/BNS,Sexual Intercourse by employing deceitful means,3,True,2024,1325.0,0.1,0.0,1325.0
IPC/BNS,Disclosure of Identity of Victim,4,True,2022,,,,
IPC/BNS,Disclosure of Identity of Victim,4,True,2023,,,,
IPC/BNS,Disclosure of Identity of Victim,4,True,2024,11.0,0.0,0.0,11.0
IPC/BNS,Assault on Women with Intent to Outrage her Modesty,5,True,2022,44867.0,3.3,,
IPC/BNS,Assault on Women with Intent to Outrage her Modesty,5,True,2023,45086.0,3.2,,
IPC/BNS,Assault on Women with Intent to Outrage her Modesty,5,True,2024,48303.0,3.4,25829.0,22474.0
IPC/BNS,Sexual Harassment,6,True,2022,17809.0,1.3,,
IPC/BNS,Sexual Harassment,6,True,2023,17544.0,1.3,,
IPC/BNS,Sexual Harassment,6,True,2024,15609.0,1.1,8130.0,7479.0
IPC/BNS,at Office Premises,6A,False,2022,419.0,0.0,,
IPC/BNS,at Office Premises,6A,False,2023,381.0,0.0,,
IPC/BNS,at Office Premises,6A,False,2024,388.0,0.0,305.0,83.0
IPC/BNS,at Work Premises (Shops/Malls/Factories/Home etc),6B,False,2022,,,,
IPC/BNS,at Work Premises (Shops/Malls/Factories/Home etc),6B,False,2023,,,,
IPC/BNS,at Work Premises (Shops/Malls/Factories/Home etc),6B,False,2024,512.0,0.0,0.0,512.0
IPC/BNS,In Public Transport System,6C,False,2022,422.0,0.0,,
IPC/BNS,In Public Transport System,6C,False,2023,525.0,0.0,,
IPC/BNS,In Public Transport System,6C,False,2024,459.0,0.0,291.0,168.0
IPC/BNS,at Public Places/Pathway,6D,False,2022,,,,
IPC/BNS,at Public Places/Pathway,6D,False,2023,,,,
IPC/BNS,at Public Places/Pathway,6D,False,2024,1469.0,0.1,0.0,1469.0
IPC/BNS,In Shelter Homes for women and Children,6E,False,2022,523.0,0.0,,
IPC/BNS,In Shelter Homes for women and Children,6E,False,2023,401.0,0.0,,
IPC/BNS,In Shelter Homes for women and Children,6E,False,2024,189.0,0.0,105.0,84.0
IPC/BNS,Other Places,6D,False,2022,16445.0,1.2,,
IPC/BNS,Other Places,6D,False,2023,16237.0,1.2,,
IPC/BNS,Other Places,6D,False,2024,12592.0,0.9,7429.0,5163.0
IPC/BNS,Assault or use of Criminal Force on women with intent to Disrobe,7,True,2022,9101.0,0.7,,
IPC/BNS,Assault or use of Criminal Force on women with intent to Disrobe,7,True,2023,9039.0,0.6,,
IPC/BNS,Assault or use of Criminal Force on women with intent to Disrobe,7,True,2024,8409.0,0.6,4463.0,3946.0
IPC/BNS,Voyeurism,8,True,2022,1451.0,0.1,,
IPC/BNS,Voyeurism,8,True,2023,1727.0,0.1,,
IPC/BNS,Voyeurism,8,True,2024,1722.0,0.1,827.0,895.0
IPC/BNS,Stalking,9,True,2022,10116.0,0.7,,
IPC/BNS,Stalking,9,True,2023,10495.0,0.8,,
IPC/BNS,Stalking,9,True,2024,9865.0,0.7,5374.0,4491.0
IPC/BNS,Insult to the Modesty of Women,10,True,2022,,,,
IPC/BNS,Insult to the Modesty of Women,10,True,2023,,,,
IPC/BNS,Insult to the Modesty of Women,10,True,2024,9338.0,0.7,4495.0,4843.0
IPC/BNS,Dowry Deaths,11,True,2022,6450.0,0.5,,
IPC/BNS,Dowry Deaths,11,True,2023,6156.0,0.4,,
IPC/BNS,Dowry Deaths,11,True,2024,5737.0,0.4,3057.0,2680.0
IPC/BNS,Cruelty by Husband or his Relatives,12,True,2022,,,,
IPC/BNS,Cruelty by Husband or his Relatives,12,True,2023,,,,
IPC/BNS,Cruelty by Husband or his Relatives,12,True,2024,120227.0,8.6,78470.0,41757.0
IPC/BNS,"Kidnapping, Abducting or Inducing of Women to compel her for marriage",13,True,2022,,,,
IPC/BNS,"Kidnapping, Abducting or Inducing of Women to compel her for marriage",13,True,2023,,,,
IPC/BNS,"Kidnapping, Abducting or Inducing of Women to compel her for marriage",13,True,2024,28949.0,2.1,17415.0,11534.0
IPC/BNS,Offences of Miscarriage,14,True,2022,236.0,,,
IPC/BNS,Offences of Miscarriage,14,True,2023,309.0,,,
IPC/BNS,Offences of Miscarriage,14,True,2024,299.0,0.0,172.0,127.0
IPC/BNS,Foeticide,15,True,2022,102.0,,,
IPC/BNS,Foeticide,15,True,2023,88.0,,,
IPC/BNS,Foeticide,15,True,2024,140.0,0.0,59.0,81.0
IPC/BNS,Infanticide,16,True,2022,83.0,,,
IPC/BNS,Infanticide,16,True,2023,67.0,,,
IPC/BNS,Infanticide,16,True,2024,56.0,0.0,31.0,25.0
IPC/BNS,Exposure and Abandonment,17,True,2022,818.0,,,
IPC/BNS,Exposure and Abandonment,17,True,2023,653.0,,,
IPC/BNS,Exposure and Abandonment,17,True,2024,737.0,0.1,331.0,406.0
IPC/BNS,"Hiring, employing or engaging a child to commit an offence",18,True,2022,,,,
IPC/BNS,"Hiring, employing or engaging a child to commit an offence",18,True,2023,,,,
IPC/BNS,"Hiring, employing or engaging a child to commit an offence",18,True,2024,1.0,0.0,0.0,1.0
IPC/BNS,Procuration of Children,19,True,2022,,,,
IPC/BNS,Procuration of Children,19,True,2023,,,,
IPC/BNS,Procuration of Children,19,True,2024,1673.0,0.1,1019.0,654.0
IPC/BNS,Kidnapping or Abducting a child with intent to steal from its persons,20,True,2022,,,,
IPC/BNS,Kidnapping or Abducting a child with intent to steal from its persons,20,True,2023,,,,
IPC/BNS,Kidnapping or Abducting a child with intent to steal from its persons,20,True,2024,16.0,0.0,0.0,16.0
IPC/BNS,Selling of Child for Prostitution,21,True,2022,9.0,0.0,,
IPC/BNS,Selling of Child for Prostitution,21,True,2023,12.0,0.0,,
IPC/BNS,Selling of Child for Prostitution,21,True,2024,12.0,0.0,4.0,8.0
IPC/BNS,Buying of Child for Prostitution,22,True,2022,3.0,0.0,,
IPC/BNS,Buying of Child for Prostitution,22,True,2023,4.0,0.0,,
IPC/BNS,Buying of Child for Prostitution,22,True,2024,4.0,0.0,1.0,3.0
IPC/BNS,Offences against Women and Child (Total of Sl. 1-22),,False,2022,,,,
IPC/BNS,Offences against Women and Child (Total of Sl. 1-22),,False,2023,,,,
IPC/BNS,Offences against Women and Child (Total of Sl. 1-22),,False,2024,284530.0,20.3,170863.0,113667.0
IPC/BNS,Murder,23,True,2022,28522.0,2.1,,
IPC/BNS,Murder,23,True,2023,27721.0,2.0,,
IPC/BNS,Murder,23,True,2024,27049.0,1.9,14440.0,12609.0
IPC/BNS,Murder,23.1,False,2022,,,,
IPC/BNS,Murder,23.1,False,2023,,,,
IPC/BNS,Murder,23.1,False,2024,26927.0,1.9,14440.0,12487.0
IPC/BNS,Murder by Group of 5 or more persons,23.2,False,2022,,,,
IPC/BNS,Murder by Group of 5 or more persons,23.2,False,2023,,,,
IPC/BNS,Murder by Group of 5 or more persons,23.2,False,2024,112.0,0.0,0.0,112.0
IPC/BNS,Murder by life convict,23.3,False,2022,,,,
IPC/BNS,Murder by life convict,23.3,False,2023,,,,
IPC/BNS,Murder by life convict,23.3,False,2024,10.0,0.0,0.0,10.0
IPC/BNS,Culpable Homicide not amounting to Murder,24,True,2022,3621.0,0.3,,
IPC/BNS,Culpable Homicide not amounting to Murder,24,True,2023,3557.0,0.3,,
IPC/BNS,Culpable Homicide not amounting to Murder,24,True,2024,3868.0,0.3,2075.0,1793.0
IPC/BNS,Causing Death by Negligence,25,True,2022,159096.0,11.5,,
IPC/BNS,Causing Death by Negligence,25,True,2023,165971.0,11.9,,
IPC/BNS,Causing Death by Negligence,25,True,2024,169493.0,12.1,89784.0,79709.0
IPC/BNS,Deaths due to Negligence relating to Road Accidents,25A,False,2022,150998.0,10.9,,
IPC/BNS,Deaths due to Negligence relating to Road Accidents,25A,False,2023,157831.0,11.3,,
IPC/BNS,Deaths due to Negligence relating to Road Accidents,25A,False,2024,162500.0,11.6,86373.0,76127.0
IPC/BNS,Hit and Run,25A.1,False,2022,47806.0,3.5,,
IPC/BNS,Hit and Run,25A.1,False,2023,51780.0,3.7,,
IPC/BNS,Hit and Run,25A.1,False,2024,53230.0,3.8,29169.0,24061.0
IPC/BNS,Other Accidents,25A.2,False,2022,103192.0,7.5,,
IPC/BNS,Other Accidents,25A.2,False,2023,106051.0,7.6,,
IPC/BNS,Other Accidents,25A.2,False,2024,109270.0,7.8,57204.0,52066.0
IPC/BNS,Deaths due to Negligence relating to Rail Accidents,25B,False,2022,19.0,0.0,,
IPC/BNS,Deaths due to Negligence relating to Rail Accidents,25B,False,2023,7.0,0.0,,
IPC/BNS,Deaths due to Negligence relating to Rail Accidents,25B,False,2024,214.0,0.0,20.0,194.0
IPC/BNS,Deaths due to Medical Negligence,25C,False,2022,118.0,0.0,,
IPC/BNS,Deaths due to Medical Negligence,25C,False,2023,114.0,0.0,,
IPC/BNS,Deaths due to Medical Negligence,25C,False,2024,869.0,0.1,82.0,787.0
IPC/BNS,Deaths due to Negligence of Civic Bodies,25D,False,2022,70.0,0.0,,
IPC/BNS,Deaths due to Negligence of Civic Bodies,25D,False,2023,60.0,0.0,,
IPC/BNS,Deaths due to Negligence of Civic Bodies,25D,False,2024,54.0,0.0,16.0,38.0
IPC/BNS,Deaths due to other Negligence,25E,False,2022,7891.0,0.6,,
IPC/BNS,Deaths due to other Negligence,25E,False,2023,7959.0,0.6,,
IPC/BNS,Deaths due to other Negligence,25E,False,2024,5856.0,0.4,3293.0,2563.0
IPC/BNS,Abetment of Suicide,26,True,2022,9400.0,0.7,,
IPC/BNS,Abetment of Suicide,26,True,2023,9386.0,0.7,,
IPC/BNS,Abetment of Suicide,26,True,2024,8893.0,0.6,4843.0,4050.0
IPC/BNS,Attempt to Commit Murder,27,True,2022,57256.0,4.1,,
IPC/BNS,Attempt to Commit Murder,27,True,2023,56549.0,4.1,,
IPC/BNS,Attempt to Commit Murder,27,True,2024,58844.0,4.2,30998.0,27846.0
IPC/BNS,Attempt to commit Culpable Homicide,28,True,2022,10149.0,0.7,,
IPC/BNS,Attempt to commit Culpable Homicide,28,True,2023,11954.0,0.9,,
IPC/BNS,Attempt to commit Culpable Homicide,28,True,2024,13385.0,1.0,7111.0,6274.0
IPC/BNS,Organised Crime,29,True,2022,,,,
IPC/BNS,Organised Crime,29,True,2023,,,,
IPC/BNS,Organised Crime,29,True,2024,840.0,0.1,0.0,840.0
IPC/BNS,Petty Organised Crime,30,True,2022,,,,
IPC/BNS,Petty Organised Crime,30,True,2023,,,,
IPC/BNS,Petty Organised Crime,30,True,2024,876.0,0.1,0.0,876.0
IPC/BNS,Terrorist Act,31,True,2022,,,,
IPC/BNS,Terrorist Act,31,True,2023,,,,
IPC/BNS,Terrorist Act,31,True,2024,24.0,0.0,0.0,24.0
IPC/BNS,Hurt,32,True,2022,627676.0,45.5,,
IPC/BNS,Hurt,32,True,2023,636767.0,45.7,,
IPC/BNS,Hurt,32,True,2024,441996.0,31.5,257353.0,184643.0
IPC/BNS,Simple Hurt,32A,False,2022,518792.0,37.6,,
IPC/BNS,Simple Hurt,32A,False,2023,537179.0,38.6,,
IPC/BNS,Simple Hurt,32A,False,2024,186313.0,13.3,186313.0,0.0
IPC/BNS,Voluntarily Causing Simple Hurt,32A.1,False,2022,308238.0,22.3,,
IPC/BNS,Voluntarily Causing Simple Hurt,32A.1,False,2023,325028.0,23.3,,
IPC/BNS,Voluntarily Causing Simple Hurt,32A.1,False,2024,,,,
IPC/BNS,Voluntarily causing hurt by Dangerous weapons or means,32A.2,False,2022,177933.0,12.9,,
IPC/BNS,Voluntarily causing hurt by Dangerous weapons or means,32A.2,False,2023,180866.0,13.0,,
IPC/BNS,Voluntarily causing hurt by Dangerous weapons or means,32A.2,False,2024,161438.0,11.5,161438.0,0.0
IPC/BNS,Voluntarily Causing hurt/Force to deter public servant from his duty,32A.3,False,2022,13969.0,1.0,,
IPC/BNS,Voluntarily Causing hurt/Force to deter public servant from his duty,32A.3,False,2023,13488.0,1.0,,
IPC/BNS,Voluntarily Causing hurt/Force to deter public servant from his duty,32A.3,False,2024,6967.0,0.5,6967.0,0.0
IPC/BNS,Causing Hurt by act endangering life/safety of others,32A.4,False,2022,10160.0,0.7,,
IPC/BNS,Causing Hurt by act endangering life/safety of others,32A.4,False,2023,8408.0,0.6,,
IPC/BNS,Causing Hurt by act endangering life/safety of others,32A.4,False,2024,6890.0,0.5,6890.0,0.0
IPC/BNS,Other Simple Hurt,32A.5,False,2022,8492.0,0.6,,
IPC/BNS,Other Simple Hurt,32A.5,False,2023,9389.0,0.7,,
IPC/BNS,Other Simple Hurt,32A.5,False,2024,11018.0,0.8,11018.0,0.0
IPC/BNS,Grievous Hurt,32B,False,2022,108884.0,7.9,,
IPC/BNS,Grievous Hurt,32B,False,2023,99588.0,7.2,,
IPC/BNS,Grievous Hurt,32B,False,2024,255683.0,18.2,71040.0,184643.0
IPC/BNS,Voluntarily causing grievous hurt,32B.1,False,2022,84975.0,6.2,,
IPC/BNS,Voluntarily causing grievous hurt,32B.1,False,2023,72278.0,5.2,,
IPC/BNS,Voluntarily causing grievous hurt,32B.1,False,2024,123265.0,8.8,52873.0,70392.0
IPC/BNS,Grievous Hurt resulting persistent vegetative state or permanent,32B.2,False,2022,,,,
IPC/BNS,Grievous Hurt resulting persistent vegetative state or permanent,32B.2,False,2023,,,,
IPC/BNS,Grievous Hurt resulting persistent vegetative state or permanent,32B.2,False,2024,1092.0,0.1,0.0,1092.0
IPC/BNS,Grievous hurt caused by a group of 5 or more persons,32B.3,False,2022,,,,
IPC/BNS,Grievous hurt caused by a group of 5 or more persons,32B.3,False,2023,,,,
IPC/BNS,Grievous hurt caused by a group of 5 or more persons,32B.3,False,2024,330.0,0.0,0.0,330.0
IPC/BNS,Voluntarily causing hurt or grievous hurt by dangerous weapons or means,32B.4,False,2022,19163.0,1.4,,
IPC/BNS,Voluntarily causing hurt or grievous hurt by dangerous weapons or means,32B.4,False,2023,21579.0,1.5,,
IPC/BNS,Voluntarily causing hurt or grievous hurt by dangerous weapons or means,32B.4,False,2024,88041.0,6.3,11681.0,76360.0
IPC/BNS,Voluntarily causing hurt or grievous hurt/Assault or criminal force to deter public servant from his duty,32B.5,False,2022,1009.0,0.1,,
IPC/BNS,Voluntarily causing hurt or grievous hurt/Assault or criminal force to deter public servant from his duty,32B.5,False,2023,1166.0,0.1,,
IPC/BNS,Voluntarily causing hurt or grievous hurt/Assault or criminal force to deter public servant from his duty,32B.5,False,2024,6174.0,0.4,886.0,5288.0
IPC/BNS,Acid Attack,32B.6,False,2022,202.0,0.0,,
IPC/BNS,Acid Attack,32B.6,False,2023,207.0,0.0,,
IPC/BNS,Acid Attack,32B.6,False,2024,207.0,0.0,122.0,85.0
IPC/BNS,Attempt to Acid Attack,32G,False,2022,71.0,0.0,,
IPC/BNS,Attempt to Acid Attack,32G,False,2023,65.0,0.0,,
IPC/BNS,Attempt to Acid Attack,32G,False,2024,68.0,0.0,29.0,39.0
IPC/BNS,Act endangering life or personal safety of others,32B.7,False,2022,2748.0,0.2,,
IPC/BNS,Act endangering life or personal safety of others,32B.7,False,2023,3691.0,0.3,,
IPC/BNS,Act endangering life or personal safety of others,32B.7,False,2024,16338.0,1.2,3698.0,12640.0
IPC/BNS,Other Grievous Hurt,32.8,False,2022,716.0,0.1,,
IPC/BNS,Other Grievous Hurt,32.8,False,2023,602.0,0.0,,
IPC/BNS,Other Grievous Hurt,32.8,False,2024,20168.0,1.4,1751.0,18417.0
IPC/BNS,Wrongful Restraint/Confinement,33,True,2022,25449.0,1.8,,
IPC/BNS,Wrongful Restraint/Confinement,33,True,2023,32575.0,2.3,,
IPC/BNS,Wrongful Restraint/Confinement,33,True,2024,50881.0,3.6,24213.0,26668.0
IPC/BNS,Kidnapping and Abduction,34,True,2022,107588.0,7.8,,
IPC/BNS,Kidnapping and Abduction,34,True,2023,113564.0,8.2,,
IPC/BNS,Kidnapping and Abduction,34,True,2024,96079.0,6.8,46637.0,49442.0
IPC/BNS,Kidnapping and Abduction,34A,False,2022,63122.0,4.6,,
IPC/BNS,Kidnapping and Abduction,34A,False,2023,67480.0,4.8,,
IPC/BNS,Kidnapping and Abduction,34A,False,2024,81195.0,5.8,39062.0,42133.0
IPC/BNS,Kidnapping and Abduction for the Purpose of Begging,34B,False,2022,98.0,0.0,,
IPC/BNS,Kidnapping and Abduction for the Purpose of Begging,34B,False,2023,65.0,0.0,,
IPC/BNS,Kidnapping and Abduction for the Purpose of Begging,34B,False,2024,25.0,0.0,10.0,15.0
IPC/BNS,Kidnapping and Abduction in order to Murder,34C,False,2022,454.0,0.0,,
IPC/BNS,Kidnapping and Abduction in order to Murder,34C,False,2023,355.0,0.0,,
IPC/BNS,Kidnapping and Abduction in order to Murder,34C,False,2024,318.0,0.0,171.0,147.0
IPC/BNS,Kidnapping for Ransom,34D,False,2022,615.0,0.0,,
IPC/BNS,Kidnapping for Ransom,34D,False,2023,615.0,0.0,,
IPC/BNS,Kidnapping for Ransom,34D,False,2024,704.0,0.1,317.0,387.0
IPC/BNS,Kidnapping and Abducting of Women to compel her for marriage,34E$,False,2022,28656.0,2.1,,
IPC/BNS,Kidnapping and Abducting of Women to compel her for marriage,34E$,False,2023,30496.0,2.2,,
IPC/BNS,Kidnapping and Abducting of Women to compel her for marriage,34E$,False,2024,,,,
IPC/BNS,Procuration of Children,34F$,False,2022,1827.0,0.1,,
IPC/BNS,Procuration of Children,34F$,False,2023,1858.0,0.1,,
IPC/BNS,Procuration of Children,34F$,False,2024,,,,
IPC/BNS,Importation of Girl or Boy from Foreign Country,34G,False,2022,1.0,0.0,,
IPC/BNS,Importation of Girl or Boy from Foreign Country,34G,False,2023,2.0,0.0,,
IPC/BNS,Importation of Girl or Boy from Foreign Country,34G,False,2024,4.0,0.0,1.0,3.0
IPC/BNS,Girls (Below 21 Yrs),34G.1,False,2022,,,,
IPC/BNS,Girls (Below 21 Yrs),34G.1,False,2023,,,,
IPC/BNS,Girls (Below 21 Yrs),34G.1,False,2024,2.0,0.0,1.0,1.0
IPC/BNS,Boys (Below 18 Yrs),34G.2,False,2022,,,,
IPC/BNS,Boys (Below 18 Yrs),34G.2,False,2023,,,,
IPC/BNS,Boys (Below 18 Yrs),34G.2,False,2024,2.0,0.0,0.0,2.0
IPC/BNS,Other Kidnapping & Abduction,34H,False,2022,12815.0,0.9,,
IPC/BNS,Other Kidnapping & Abduction,34H,False,2023,12693.0,0.9,,
IPC/BNS,Other Kidnapping & Abduction,34H,False,2024,13833.0,1.0,7076.0,6757.0
IPC/BNS,Attempt to Commit Suicide,E1,True,2022,1769.0,0.1,,
IPC/BNS,Attempt to Commit Suicide,E1,True,2023,1717.0,0.1,,
IPC/BNS,Attempt to Commit Suicide,E1,True,2024,,,,
IPC/BNS,Human Trafficking,E2,True,2022,1200.0,0.1,,
IPC/BNS,Human Trafficking,E2,True,2023,1425.0,0.1,,
IPC/BNS,Human Trafficking,E2,True,2024,,,,
IPC/BNS,Exploitation of Trafficked Person,E3,True,2022,253.0,0.0,,
IPC/BNS,Exploitation of Trafficked Person,E3,True,2023,195.0,0.0,,
IPC/BNS,Exploitation of Trafficked Person,E3,True,2024,,,,
IPC/BNS,Unnatural Offences,E4,True,2022,987.0,0.1,,
IPC/BNS,Unnatural Offences,E4,True,2023,888.0,0.1,,
IPC/BNS,Unnatural Offences,E4,True,2024,,,,
IPC/BNS,Offences against Human Body (Total of Sl.23-34 + E1-E4),,False,2022,1158815.0,84.0,,
IPC/BNS,Offences against Human Body (Total of Sl.23-34 + E1-E4),,False,2023,1185915.0,85.2,,
IPC/BNS,Offences against Human Body (Total of Sl.23-34 + E1-E4),,False,2024,872228.0,62.1,477454.0,394774.0
IPC/BNS,Offences of Woman & Child and Human Body (Total of Sl.1-34),,False,2022,,,,
IPC/BNS,Offences of Woman & Child and Human Body (Total of Sl.1-34),,False,2023,,,,
IPC/BNS,Offences of Woman & Child and Human Body (Total of Sl.1-34),,False,2024,1156758.0,82.3,648317.0,508441.0
IPC/BNS,Offences against State,35,True,2022,68.0,0.0,,
IPC/BNS,Offences against State,35,True,2023,58.0,0.0,,
IPC/BNS,Offences against State,35,True,2024,83.0,0.0,26.0,57.0
IPC/BNS,Act endangering sovereignty unity and integrity of India,35A,False,2022,,,,
IPC/BNS,Act endangering sovereignty unity and integrity of India,35A,False,2023,,,,
IPC/BNS,Act endangering sovereignty unity and integrity of India,35A,False,2024,28.0,0.0,0.0,28.0
IPC/BNS,Other Offences against State,35B,False,2022,48.0,0.0,,
IPC/BNS,Other Offences against State,35B,False,2023,48.0,0.0,,
IPC/BNS,Other Offences against State,35B,False,2024,55.0,0.0,26.0,29.0
IPC/BNS,Sedition,E5,True,2022,20.0,0.0,,
IPC/BNS,Sedition,E5,True,2023,10.0,0.0,,
IPC/BNS,Sedition,E5,True,2024,,,,
IPC/BNS,Offences against the State (Total),,False,2022,68.0,0.0,,
IPC/BNS,Offences against the State (Total),,False,2023,58.0,0.0,,
IPC/BNS,Offences against the State (Total),,False,2024,83.0,0.0,26.0,57.0
IPC/BNS,Unlawful Assembly,36,True,2022,11391.0,0.8,,
IPC/BNS,Unlawful Assembly,36,True,2023,10002.0,0.7,,
IPC/BNS,Unlawful Assembly,36,True,2024,7074.0,0.5,3784.0,3290.0
IPC/BNS,Rioting,37,True,2022,37816.0,2.7,,
IPC/BNS,Rioting,37,True,2023,39260.0,2.8,,
IPC/BNS,Rioting,37,True,2024,30348.0,2.2,17105.0,13243.0
IPC/BNS,Communal/Religious,37.1,False,2022,272.0,0.0,,
IPC/BNS,Communal/Religious,37.1,False,2023,272.0,0.0,,
IPC/BNS,Communal/Religious,37.1,False,2024,349.0,0.0,182.0,167.0
IPC/BNS,Ethnic or Community Groups Clash or Agitations,37.2,False,2022,,,,
IPC/BNS,Ethnic or Community Groups Clash or Agitations,37.2,False,2023,,,,
IPC/BNS,Ethnic or Community Groups Clash or Agitations,37.2,False,2024,30.0,0.0,0.0,30.0
IPC/BNS,Sectarian,37.3,False,2022,76.0,0.0,,
IPC/BNS,Sectarian,37.3,False,2023,96.0,0.0,,
IPC/BNS,Sectarian,37.3,False,2024,80.0,0.0,55.0,25.0
IPC/BNS,Industrial,37.4,False,2022,121.0,0.0,,
IPC/BNS,Industrial,37.4,False,2023,97.0,0.0,,
IPC/BNS,Industrial,37.4,False,2024,85.0,0.0,46.0,39.0
IPC/BNS,Political,37.5,False,2022,941.0,0.1,,
IPC/BNS,Political,37.5,False,2023,565.0,0.0,,
IPC/BNS,Political,37.5,False,2024,633.0,0.0,372.0,261.0
IPC/BNS,Caste Conflict,37.6,False,2022,179.0,0.0,,
IPC/BNS,Caste Conflict,37.6,False,2023,203.0,0.0,,
IPC/BNS,Caste Conflict,37.6,False,2024,166.0,0.0,91.0,75.0
IPC/BNS,Agrarian,37.7,False,2022,911.0,0.1,,
IPC/BNS,Agrarian,37.7,False,2023,769.0,0.1,,
IPC/BNS,Agrarian,37.7,False,2024,526.0,0.0,323.0,203.0
IPC/BNS,Students,37.8,False,2022,210.0,0.0,,
IPC/BNS,Students,37.8,False,2023,251.0,0.0,,
IPC/BNS,Students,37.8,False,2024,144.0,0.0,53.0,91.0
IPC/BNS,Money Dispute,37.9,False,2022,637.0,0.0,,
IPC/BNS,Money Dispute,37.9,False,2023,442.0,0.0,,
IPC/BNS,Money Dispute,37.9,False,2024,583.0,0.0,319.0,264.0
IPC/BNS,Water Dispute,37.10,False,2022,197.0,0.0,,
IPC/BNS,Water Dispute,37.10,False,2023,121.0,0.0,,
IPC/BNS,Water Dispute,37.10,False,2024,303.0,0.0,180.0,123.0
IPC/BNS,Land/Property Dispute,37.11,False,2022,7065.0,0.5,,
IPC/BNS,Land/Property Dispute,37.11,False,2023,5380.0,0.4,,
IPC/BNS,Land/Property Dispute,37.11,False,2024,4639.0,0.3,2758.0,1881.0
IPC/BNS,Family Disputes,37.12,False,2022,3035.0,0.2,,
IPC/BNS,Family Disputes,37.12,False,2023,2243.0,0.2,,
IPC/BNS,Family Disputes,37.12,False,2024,1732.0,0.1,1002.0,730.0
IPC/BNS,Enmity/Rivalry,37.13,False,2022,4771.0,0.3,,
IPC/BNS,Enmity/Rivalry,37.13,False,2023,4279.0,0.3,,
IPC/BNS,Enmity/Rivalry,37.13,False,2024,4821.0,0.3,2666.0,2155.0
IPC/BNS,Electricity/Power Supply Disputes,37.14,False,2022,10.0,0.0,,
IPC/BNS,Electricity/Power Supply Disputes,37.14,False,2023,37.0,0.0,,
IPC/BNS,Electricity/Power Supply Disputes,37.14,False,2024,22.0,0.0,8.0,14.0
IPC/BNS,Sudden Quarrel/Provocation,37.15,False,2022,,,,
IPC/BNS,Sudden Quarrel/Provocation,37.15,False,2023,,,,
IPC/BNS,Sudden Quarrel/Provocation,37.15,False,2024,807.0,0.1,0.0,807.0
IPC/BNS,Rioting while in Aandolan/Morcha,37.16,False,2022,781.0,0.1,,
IPC/BNS,Rioting while in Aandolan/Morcha,37.16,False,2023,443.0,0.0,,
IPC/BNS,Rioting while in Aandolan/Morcha,37.16,False,2024,422.0,0.0,233.0,189.0
IPC/BNS,Rioting/Attacks on Police Personnel or Govt Servants,37.17,False,2022,667.0,0.0,,
IPC/BNS,Rioting/Attacks on Police Personnel or Govt Servants,37.17,False,2023,528.0,0.0,,
IPC/BNS,Rioting/Attacks on Police Personnel or Govt Servants,37.17,False,2024,495.0,0.0,268.0,227.0
IPC/BNS,Other Rioting,37.18,False,2022,17943.0,1.3,,
IPC/BNS,Other Rioting,37.18,False,2023,23534.0,1.7,,
IPC/BNS,Other Rioting,37.18,False,2024,14511.0,1.0,8549.0,5962.0
IPC/BNS,Promoting enmity between groups,38,True,2022,1491.0,0.1,,
IPC/BNS,Promoting enmity between groups,38,True,2023,2111.0,0.2,,
IPC/BNS,Promoting enmity between groups,38,True,2024,1601.0,0.1,904.0,697.0
IPC/BNS,"Imputation, assertions prejudicial to national integration",39,True,2022,79.0,0.0,,
IPC/BNS,"Imputation, assertions prejudicial to national integration",39,True,2023,44.0,0.0,,
IPC/BNS,"Imputation, assertions prejudicial to national integration",39,True,2024,40.0,0.0,17.0,23.0
IPC/BNS,Affray,40,True,2022,6305.0,0.5,,
IPC/BNS,Affray,40,True,2023,6830.0,0.5,,
IPC/BNS,Affray,40,True,2024,5286.0,0.4,2938.0,2348.0
IPC/BNS,Offences against Public Tranquillity (Total of Sl. 36-40),,False,2022,57082.0,4.1,,
IPC/BNS,Offences against Public Tranquillity (Total of Sl. 36-40),,False,2023,58247.0,4.2,,
IPC/BNS,Offences against Public Tranquillity (Total of Sl. 36-40),,False,2024,44349.0,3.2,24748.0,19601.0
IPC/BNS,Theft,41,True,2022,652731.0,47.3,,
IPC/BNS,Theft,41,True,2023,689580.0,49.5,,
IPC/BNS,Theft,41,True,2024,621945.0,44.3,321139.0,300806.0
IPC/BNS,Household Theft (Dwelling Units/Houses),41A,False,2022,,,,
IPC/BNS,Household Theft (Dwelling Units/Houses),41A,False,2023,,,,
IPC/BNS,Household Theft (Dwelling Units/Houses),41A,False,2024,29813.0,2.1,0.0,29813.0
IPC/BNS,Vehicle Theft,41B,False,2022,252569.0,18.3,,
IPC/BNS,Vehicle Theft,41B,False,2023,250630.0,18.0,,
IPC/BNS,Vehicle Theft,41B,False,2024,233033.0,16.6,122134.0,110899.0
IPC/BNS,Theft from Vehicles,41C,False,2022,,,,
IPC/BNS,Theft from Vehicles,41C,False,2023,,,,
IPC/BNS,Theft from Vehicles,41C,False,2024,5643.0,0.4,0.0,5643.0
IPC/BNS,Theft of idol or icon from Place of Worship,42D,False,2022,,,,
IPC/BNS,Theft of idol or icon from Place of Worship,42D,False,2023,,,,
IPC/BNS,Theft of idol or icon from Place of Worship,42D,False,2024,465.0,0.1,0.0,465.0
IPC/BNS,Theft of Government Property,41E,False,2022,,,,
IPC/BNS,Theft of Government Property,41E,False,2023,,,,
IPC/BNS,Theft of Government Property,41E,False,2024,1037.0,0.1,0.0,1037.0
IPC/BNS,Theft by servant/employee,41F,False,2022,,,,
IPC/BNS,Theft by servant/employee,41F,False,2023,,,,
IPC/BNS,Theft by servant/employee,41F,False,2024,1516.0,0.1,0.0,1516.0
IPC/BNS,Other Thefts,41G,False,2022,400162.0,29.0,,
IPC/BNS,Other Thefts,41G,False,2023,438950.0,31.5,,
IPC/BNS,Other Thefts,41G,False,2024,350438.0,24.9,199005.0,151433.0
IPC/BNS,Snatching,42,True,2022,,,,
IPC/BNS,Snatching,42,True,2023,,,,
IPC/BNS,Snatching,42,True,2024,12644.0,0.9,0.0,12644.0
IPC/BNS,Extortion,43,True,2022,11802.0,0.9,,
IPC/BNS,Extortion,43,True,2023,12093.0,0.9,,
IPC/BNS,Extortion,43,True,2024,12119.0,0.9,6373.0,5746.0
IPC/BNS,Robbery,44,True,2022,28356.0,2.1,,
IPC/BNS,Robbery,44,True,2023,26599.0,1.9,,
IPC/BNS,Robbery,44,True,2024,23145.0,1.6,13085.0,10060.0
IPC/BNS,Dacoity,45,True,2022,2666.0,0.2,,
IPC/BNS,Dacoity,45,True,2023,3792.0,0.3,,
IPC/BNS,Dacoity,45,True,2024,2393.0,0.2,1282.0,1111.0
IPC/BNS,Dacoity,45A,False,2022,2655.0,0.2,,
IPC/BNS,Dacoity,45A,False,2023,3778.0,0.3,,
IPC/BNS,Dacoity,45A,False,2024,2373.0,0.2,1277.0,1096.0
IPC/BNS,Dacoity with Murder,45B,False,2022,11.0,0.0,,
IPC/BNS,Dacoity with Murder,45B,False,2023,14.0,0.0,,
IPC/BNS,Dacoity with Murder,45B,False,2024,20.0,0.0,5.0,15.0
IPC/BNS,Attempt to Commit Dacoity/Robbery,46,True,2022,484.0,0.0,,
IPC/BNS,Attempt to Commit Dacoity/Robbery,46,True,2023,505.0,0.0,,
IPC/BNS,Attempt to Commit Dacoity/Robbery,46,True,2024,387.0,0.0,202.0,185.0
IPC/BNS,Making Preparation and Assembly for committing Dacoity,47,True,2022,4080.0,0.3,,
IPC/BNS,Making Preparation and Assembly for committing Dacoity,47,True,2023,4016.0,0.3,,
IPC/BNS,Making Preparation and Assembly for committing Dacoity,47,True,2024,2998.0,0.2,1809.0,1189.0
IPC/BNS,Criminal Misappropriation,48,True,2022,158.0,0.0,,
IPC/BNS,Criminal Misappropriation,48,True,2023,119.0,0.0,,
IPC/BNS,Criminal Misappropriation,48,True,2024,231.0,0.0,100.0,131.0
IPC/BNS,Criminal Breach of Trust,49,True,2022,21814.0,1.6,,
IPC/BNS,Criminal Breach of Trust,49,True,2023,22759.0,1.6,,
IPC/BNS,Criminal Breach of Trust,49,True,2024,21251.0,1.5,13457.0,7794.0
IPC/BNS,Dishonestly Receiving/Dealing-in Stolen Property,50,True,2022,9939.0,0.7,,
IPC/BNS,Dishonestly Receiving/Dealing-in Stolen Property,50,True,2023,11271.0,0.8,,
IPC/BNS,Dishonestly Receiving/Dealing-in Stolen Property,50,True,2024,9358.0,0.7,5114.0,4244.0
IPC/BNS,Burglary,51,True,2022,107222.0,7.8,,
IPC/BNS,Burglary,51,True,2023,107573.0,7.7,,
IPC/BNS,Burglary,51,True,2024,107532.0,7.7,54817.0,52715.0
IPC/BNS,Day Time,51A,False,2022,17501.0,1.3,,
IPC/BNS,Day Time,51A,False,2023,18269.0,1.3,,
IPC/BNS,Day Time,51A,False,2024,18470.0,1.3,9432.0,9038.0
IPC/BNS,Night,51B,False,2022,89721.0,6.5,,
IPC/BNS,Night,51B,False,2023,89304.0,6.4,,
IPC/BNS,Night,51B,False,2024,89062.0,6.3,45385.0,43677.0
IPC/BNS,Offences against Property (Total of Sl. 41-51),,False,2022,839252.0,60.8,,
IPC/BNS,Offences against Property (Total of Sl. 41-51),,False,2023,878307.0,63.1,,
IPC/BNS,Offences against Property (Total of Sl. 41-51),,False,2024,814003.0,57.9,417378.0,396625.0
IPC/BNS,Counterfeiting,52,True,2022,670.0,0.0,,
IPC/BNS,Counterfeiting,52,True,2023,661.0,0.0,,
IPC/BNS,Counterfeiting,52,True,2024,746.0,0.1,474.0,272.0
IPC/BNS,Counterfeit Coin,52A,False,2022,10.0,0.0,,
IPC/BNS,Counterfeit Coin,52A,False,2023,16.0,0.0,,
IPC/BNS,Counterfeit Coin,52A,False,2024,25.0,0.0,5.0,20.0
IPC/BNS,Counterfeiting Government Stamp,52B,False,2022,1.0,0.0,,
IPC/BNS,Counterfeiting Government Stamp,52B,False,2023,1.0,0.0,,
IPC/BNS,Counterfeiting Government Stamp,52B,False,2024,3.0,0.0,0.0,3.0
IPC/BNS,Counterfeiting of Seal or Mark,52C,False,2022,12.0,0.0,,
IPC/BNS,Counterfeiting of Seal or Mark,52C,False,2023,15.0,0.0,,
IPC/BNS,Counterfeiting of Seal or Mark,52C,False,2024,19.0,0.0,11.0,8.0
IPC/BNS,Counterfeit Currency & Bank notes,52D,False,2022,647.0,0.0,,
IPC/BNS,Counterfeit Currency & Bank notes,52D,False,2023,629.0,0.0,,
IPC/BNS,Counterfeit Currency & Bank notes,52D,False,2024,699.0,0.0,458.0,241.0
IPC/BNS,"Forgery, Cheating & Fraud",53,True,2022,170901.0,12.4,,
IPC/BNS,"Forgery, Cheating & Fraud",53,True,2023,181553.0,13.0,,
IPC/BNS,"Forgery, Cheating & Fraud",53,True,2024,192382.0,13.7,129580.0,62802.0
IPC/BNS,Fraud,53A,False,2022,29492.0,2.1,,
IPC/BNS,Fraud,53A,False,2023,46916.0,3.4,,
IPC/BNS,Fraud,53A,False,2024,53772.0,3.8,34320.0,19452.0
IPC/BNS,Bank,53A.1,False,2022,2814.0,0.2,,
IPC/BNS,Bank,53A.1,False,2023,6011.0,0.4,,
IPC/BNS,Bank,53A.1,False,2024,6568.0,0.5,3430.0,3138.0
IPC/BNS,ATMs,53A.2,False,2022,2569.0,0.2,,
IPC/BNS,ATMs,53A.2,False,2023,3198.0,0.2,,
IPC/BNS,ATMs,53A.2,False,2024,2672.0,0.2,1533.0,1139.0
IPC/BNS,Credit Card/Debit Card,53A.3,False,2022,3357.0,0.2,,
IPC/BNS,Credit Card/Debit Card,53A.3,False,2023,2753.0,0.2,,
IPC/BNS,Credit Card/Debit Card,53A.3,False,2024,5058.0,0.4,2859.0,2199.0
IPC/BNS,Other Frauds,53A.4,False,2022,20752.0,1.5,,
IPC/BNS,Other Frauds,53A.4,False,2023,34954.0,2.5,,
IPC/BNS,Other Frauds,53A.4,False,2024,39474.0,2.8,26498.0,12976.0
IPC/BNS,Cheating,53B,False,2022,121417.0,8.8,,
IPC/BNS,Cheating,53B,False,2023,112113.0,8.1,,
IPC/BNS,Cheating,53B,False,2024,116219.0,8.3,78912.0,37307.0
IPC/BNS,Forgery,53C,False,2022,19992.0,1.4,,
IPC/BNS,Forgery,53C,False,2023,22524.0,1.6,,
IPC/BNS,Forgery,53C,False,2024,22391.0,1.6,16348.0,6043.0
IPC/BNS,Offences Relating to Documents & Property Marks (Total of 52&53),,False,2022,171571.0,12.4,,
IPC/BNS,Offences Relating to Documents & Property Marks (Total of 52&53),,False,2023,182214.0,13.1,,
IPC/BNS,Offences Relating to Documents & Property Marks (Total of 52&53),,False,2024,193128.0,13.7,130054.0,63074.0
IPC/BNS,Abetment outside India for offence in India,54,True,2022,,,,
IPC/BNS,Abetment outside India for offence in India,54,True,2023,,,,
IPC/BNS,Abetment outside India for offence in India,54,True,2024,1.0,0.0,0.0,1.0
IPC/BNS,Offences relating to Elections,55,True,2022,931.0,0.1,,
IPC/BNS,Offences relating to Elections,55,True,2023,2124.0,0.2,,
IPC/BNS,Offences relating to Elections,55,True,2024,2041.0,0.1,1922.0,119.0
IPC/BNS,Disobedience to order duly promulgated by Public Servant,56,True,2022,67350.0,4.9,,
IPC/BNS,Disobedience to order duly promulgated by Public Servant,56,True,2023,52207.0,3.7,,
IPC/BNS,Disobedience to order duly promulgated by Public Servant,56,True,2024,56087.0,4.0,22867.0,33220.0
IPC/BNS,Harbouring an Offender,57,True,2022,75.0,0.0,,
IPC/BNS,Harbouring an Offender,57,True,2023,54.0,0.0,,
IPC/BNS,Harbouring an Offender,57,True,2024,60.0,0.0,32.0,28.0
IPC/BNS,Rash Driving on Public way,58,True,2022,489722.0,35.5,,
IPC/BNS,Rash Driving on Public way,58,True,2023,526507.0,37.8,,
IPC/BNS,Rash Driving on Public way,58,True,2024,435173.0,31.0,230829.0,204344.0
IPC/BNS,Obstruction on Public way,59,True,2022,93548.0,6.8,,
IPC/BNS,Obstruction on Public way,59,True,2023,151469.0,10.9,,
IPC/BNS,Obstruction on Public way,59,True,2024,142115.0,10.1,74917.0,67198.0
IPC/BNS,Sale of obscene Books/Objects,60,True,2022,49.0,0.0,,
IPC/BNS,Sale of obscene Books/Objects,60,True,2023,283.0,0.0,,
IPC/BNS,Sale of obscene Books/Objects,60,True,2024,92.0,0.0,28.0,64.0
IPC/BNS,Obscene Acts and Songs at Public Places,61,True,2022,25362.0,1.8,,
IPC/BNS,Obscene Acts and Songs at Public Places,61,True,2023,32786.0,2.4,,
IPC/BNS,Obscene Acts and Songs at Public Places,61,True,2024,40919.0,2.9,20486.0,20433.0
IPC/BNS,Offences relating to Religion,62,True,2022,1872.0,0.1,,
IPC/BNS,Offences relating to Religion,62,True,2023,2186.0,0.2,,
IPC/BNS,Offences relating to Religion,62,True,2024,2306.0,0.2,1206.0,1100.0
IPC/BNS,Cheating by Impersonation,63,True,2022,692.0,0.1,,
IPC/BNS,Cheating by Impersonation,63,True,2023,406.0,0.0,,
IPC/BNS,Cheating by Impersonation,63,True,2024,713.0,0.1,328.0,385.0
IPC/BNS,Offences related to Mischief,64,True,2022,3441.0,0.2,,
IPC/BNS,Offences related to Mischief,64,True,2023,3707.0,0.3,,
IPC/BNS,Offences related to Mischief,64,True,2024,5361.0,0.4,2294.0,3067.0
IPC/BNS,Arson,65,True,2022,7811.0,0.6,,
IPC/BNS,Arson,65,True,2023,13626.0,1.0,,
IPC/BNS,Arson,65,True,2024,7508.0,0.5,4663.0,2845.0
IPC/BNS,Criminal Trespass,66,True,2022,45299.0,3.3,,
IPC/BNS,Criminal Trespass,66,True,2023,44695.0,3.2,,
IPC/BNS,Criminal Trespass,66,True,2024,38702.0,2.8,25449.0,13253.0
IPC/BNS,Circulate False/Fake News/Rumours,67,True,2022,858.0,0.1,,
IPC/BNS,Circulate False/Fake News/Rumours,67,True,2023,1087.0,0.1,,
IPC/BNS,Circulate False/Fake News/Rumours,67,True,2024,2403.0,0.2,977.0,1426.0
IPC/BNS,Offences relating to Adulteration or Sale of Food/Drugs,E6,True,2022,4694.0,0.3,,
IPC/BNS,Offences relating to Adulteration or Sale of Food/Drugs,E6,True,2023,565.0,0.0,,
IPC/BNS,Offences relating to Adulteration or Sale of Food/Drugs,E6,True,2024,,,,
IPC/BNS,Criminal Intimidation,E7,True,2022,150932.0,10.9,,
IPC/BNS,Criminal Intimidation,E7,True,2023,167178.0,12.0,,
IPC/BNS,Criminal Intimidation,E7,True,2024,,,,
IPC/BNS,Insult to the Modesty of Women,A1,False,2022,8972.0,0.7,,
IPC/BNS,Insult to the Modesty of Women,A1,False,2023,8823.0,0.6,,
IPC/BNS,Insult to the Modesty of Women,A1,False,2024,,,,
IPC/BNS,Cruelty by Husband or his Relatives,A2,False,2022,140019.0,10.1,,
IPC/BNS,Cruelty by Husband or his Relatives,A2,False,2023,133676.0,9.6,,
IPC/BNS,Cruelty by Husband or his Relatives,A2,False,2024,,,,
IPC/BNS,"Misc. BNS/IPC Crimes (Total of 54-57,E6-E7&A1-A2)",,False,2022,1041627.0,75.5,,
IPC/BNS,"Misc. BNS/IPC Crimes (Total of 54-57,E6-E7&A1-A2)",,False,2023,1141379.0,82.0,,
IPC/BNS,"Misc. BNS/IPC Crimes (Total of 54-57,E6-E7&A1-A2)",,False,2024,733481.0,52.2,385998.0,347483.0
IPC/BNS,Other BNS/IPC crimes,68,True,2022,292964.0,21.2,,
IPC/BNS,Other BNS/IPC crimes,68,True,2023,316982.0,22.8,,
IPC/BNS,Other BNS/IPC crimes,68,True,2024,602806.0,42.9,296526.0,306280.0
IPC/BNS,Total Cognizable BNS/IPC crimes,,False,2022,3561379.0,258.1,,
IPC/BNS,Total Cognizable BNS/IPC crimes,,False,2023,3763102.0,270.3,,
IPC/BNS,Total Cognizable BNS/IPC crimes,,False,2024,3544608.0,252.3,1903047.0,1641561.0
SLL,The Dowry Prohibition Act,1,True,2022,13479.0,1.0,,
SLL,The Dowry Prohibition Act,1,True,2023,15489.0,1.1,,
SLL,The Dowry Prohibition Act,1,True,2024,12343.0,0.9,,
SLL,The Immoral Traffic (Prevention) Act,2,True,2022,1497.0,0.1,,
SLL,The Immoral Traffic (Prevention) Act,2,True,2023,2166.0,0.2,,
SLL,The Immoral Traffic (Prevention) Act,2,True,2024,2137.0,0.2,,
SLL,The Protection of Women from Domestic Violence Act,3,True,2022,468.0,0.0,,
SLL,The Protection of Women from Domestic Violence Act,3,True,2023,632.0,0.0,,
SLL,The Protection of Women from Domestic Violence Act,3,True,2024,616.0,0.0,,
SLL,The Indecent Representation of Women (Prohibition) Act,4,True,2022,28.0,0.0,,
SLL,The Indecent Representation of Women (Prohibition) Act,4,True,2023,31.0,0.0,,
SLL,The Indecent Representation of Women (Prohibition) Act,4,True,2024,21.0,0.0,,
SLL,Crime Against Women – Related Acts (Total of Sl.1-4),,False,2022,15472.0,1.1,,
SLL,Crime Against Women – Related Acts (Total of Sl.1-4),,False,2023,18318.0,1.3,,
SLL,Crime Against Women – Related Acts (Total of Sl.1-4),,False,2024,15117.0,1.1,,
SLL,The Protection of Children from Sexual Offences Act,5,True,2022,63414.0,4.6,,
SLL,The Protection of Children from Sexual Offences Act,5,True,2023,67694.0,4.9,,
SLL,The Protection of Children from Sexual Offences Act,5,True,2024,69191.0,4.9,,
SLL,The Juvenile Justice (Care and Protection of Children) Act,6,True,2022,1830.0,0.1,,
SLL,The Juvenile Justice (Care and Protection of Children) Act,6,True,2023,1974.0,0.1,,
SLL,The Juvenile Justice (Care and Protection of Children) Act,6,True,2024,2313.0,0.2,,
SLL,The Prohibition of Child Marriage Act,7,True,2022,1002.0,0.1,,
SLL,The Prohibition of Child Marriage Act,7,True,2023,6038.0,0.4,,
SLL,The Prohibition of Child Marriage Act,7,True,2024,1499.0,0.1,,
SLL,The Pre-Natal Diagnostic Techniques (Reg and Prev of Misuse) Act,8,True,2022,57.0,0.0,,
SLL,The Pre-Natal Diagnostic Techniques (Reg and Prev of Misuse) Act,8,True,2023,30.0,0.0,,
SLL,The Pre-Natal Diagnostic Techniques (Reg and Prev of Misuse) Act,8,True,2024,31.0,0.0,,
SLL,The Child Labour (Prohibition & Regulation) Act,9,True,2022,751.0,0.1,,
SLL,The Child Labour (Prohibition & Regulation) Act,9,True,2023,1390.0,0.1,,
SLL,The Child Labour (Prohibition & Regulation) Act,9,True,2024,1235.0,0.1,,
SLL,The Medical Termination of Pregnancy Act,10,True,2022,32.0,0.0,,
SLL,The Medical Termination of Pregnancy Act,10,True,2023,30.0,0.0,,
SLL,The Medical Termination of Pregnancy Act,10,True,2024,15.0,0.0,,
SLL,Children Related – Acts (Total of Sl. 5-10),,False,2022,67086.0,4.9,,
SLL,Children Related – Acts (Total of Sl. 5-10),,False,2023,77156.0,5.5,,
SLL,Children Related – Acts (Total of Sl. 5-10),,False,2024,74284.0,5.3,,
SLL,The SC/ST (Prevention of Atrocities) Act for Crimes against SCs,11,True,2022,4703.0,0.3,,
SLL,The SC/ST (Prevention of Atrocities) Act for Crimes against SCs,11,True,2023,4345.0,0.3,,
SLL,The SC/ST (Prevention of Atrocities) Act for Crimes against SCs,11,True,2024,6963.0,0.5,,
SLL,The SC/ST (Prevention of Atrocities) Act for Crimes against STs,12,True,2022,329.0,0.0,,
SLL,The SC/ST (Prevention of Atrocities) Act for Crimes against STs,12,True,2023,848.0,0.1,,
SLL,The SC/ST (Prevention of Atrocities) Act for Crimes against STs,12,True,2024,1375.0,0.1,,
SLL,The Protection of Civil Rights Act for Crimes against SCs,13,True,2022,13.0,0.0,,
SLL,The Protection of Civil Rights Act for Crimes against SCs,13,True,2023,23.0,0.0,,
SLL,The Protection of Civil Rights Act for Crimes against SCs,13,True,2024,13.0,0.0,,
SLL,The Protection of Civil Rights Act for Crimes against STs,14,True,2022,0.0,0.0,,
SLL,The Protection of Civil Rights Act for Crimes against STs,14,True,2023,1.0,0.0,,
SLL,The Protection of Civil Rights Act for Crimes against STs,14,True,2024,5.0,0.0,,
SLL,Scheduled Castes and Scheduled Tribes – Related Acts (Total of Sl. 11-14),,False,2022,5045.0,0.4,,
SLL,Scheduled Castes and Scheduled Tribes – Related Acts (Total of Sl. 11-14),,False,2023,5217.0,0.4,,
SLL,Scheduled Castes and Scheduled Tribes – Related Acts (Total of Sl. 11-14),,False,2024,8356.0,0.6,,
SLL,The Prevention of Damage to Public Property Act,15,True,2022,4403.0,0.3,,
SLL,The Prevention of Damage to Public Property Act,15,True,2023,3989.0,0.3,,
SLL,The Prevention of Damage to Public Property Act,15,True,2024,4395.0,0.3,,
SLL,The Unlawful Activities (P) Act,16,True,2022,1005.0,0.1,,
SLL,The Unlawful Activities (P) Act,16,True,2023,750.0,0.1,,
SLL,The Unlawful Activities (P) Act,16,True,2024,649.0,0.0,,
SLL,The Official Secrets Act,17,True,2022,55.0,0.0,,
SLL,The Official Secrets Act,17,True,2023,32.0,0.0,,
SLL,The Official Secrets Act,17,True,2024,27.0,0.0,,
SLL,Offences against State - Related Acts (Total of Sl. 15-17),,False,2022,5463.0,0.4,,
SLL,Offences against State - Related Acts (Total of Sl. 15-17),,False,2023,4771.0,0.3,,
SLL,Offences against State - Related Acts (Total of Sl. 15-17),,False,2024,5071.0,0.4,,
SLL,The Arms Act,18,True,2022,80118.0,5.8,,
SLL,The Arms Act,18,True,2023,73388.0,5.3,,
SLL,The Arms Act,18,True,2024,63564.0,4.5,,
SLL,Fire Arms,18.1,False,2022,52662.0,3.8,,
SLL,Fire Arms,18.1,False,2023,43215.0,3.1,,
SLL,Fire Arms,18.1,False,2024,36245.0,2.6,,
SLL,Legal/Licensed Arms,18.1A,False,2022,302.0,0.0,,
SLL,Legal/Licensed Arms,18.1A,False,2023,268.0,0.0,,
SLL,Legal/Licensed Arms,18.1A,False,2024,361.0,0.0,,
SLL,Illegal/Unlicensed Arms,18.1B,False,2022,52360.0,3.8,,
SLL,Illegal/Unlicensed Arms,18.1B,False,2023,42947.0,3.1,,
SLL,Illegal/Unlicensed Arms,18.1B,False,2024,35884.0,2.6,,
SLL,Other Arms,18.2,False,2022,27456.0,2.0,,
SLL,Other Arms,18.2,False,2023,30173.0,2.2,,
SLL,Other Arms,18.2,False,2024,27319.0,1.9,,
SLL,The Explosives Act,19,True,2022,2248.0,0.2,,
SLL,The Explosives Act,19,True,2023,2611.0,0.2,,
SLL,The Explosives Act,19,True,2024,2574.0,0.2,,
SLL,The Explosive Substances Act,20,True,2022,2108.0,0.2,,
SLL,The Explosive Substances Act,20,True,2023,1554.0,0.1,,
SLL,The Explosive Substances Act,20,True,2024,1433.0,0.1,,
SLL,Arms/Explosive - Related Acts (Total of Sl. 18-20),,False,2022,84474.0,6.1,,
SLL,Arms/Explosive - Related Acts (Total of Sl. 18-20),,False,2023,77553.0,5.6,,
SLL,Arms/Explosive - Related Acts (Total of Sl. 18-20),,False,2024,67571.0,4.8,,
SLL,The Information Technology Act,21,True,2022,31908.0,2.3,,
SLL,The Information Technology Act,21,True,2023,44237.0,3.2,,
SLL,The Information Technology Act,21,True,2024,44872.0,3.2,,
SLL,The Copy Right Act,22,True,2022,1866.0,0.1,,
SLL,The Copy Right Act,22,True,2023,1942.0,0.1,,
SLL,The Copy Right Act,22,True,2024,1840.0,0.1,,
SLL,The Trade Marks Act,23,True,2022,217.0,0.0,,
SLL,The Trade Marks Act,23,True,2023,139.0,0.0,,
SLL,The Trade Marks Act,23,True,2024,128.0,0.0,,
SLL,Information Technology/Intellectual Property – Related Acts (Total of Sl. 21-23),,False,2022,33991.0,2.5,,
SLL,Information Technology/Intellectual Property – Related Acts (Total of Sl. 21-23),,False,2023,46318.0,3.3,,
SLL,Information Technology/Intellectual Property – Related Acts (Total of Sl. 21-23),,False,2024,46840.0,3.3,,
SLL,The Lotteries (Regulation) Act,24,True,2022,4882.0,0.4,,
SLL,The Lotteries (Regulation) Act,24,True,2023,8538.0,0.6,,
SLL,The Lotteries (Regulation) Act,24,True,2024,7899.0,0.6,,
SLL,The Chit Funds Acts,25,True,2022,69.0,0.0,,
SLL,The Chit Funds Acts,25,True,2023,64.0,0.0,,
SLL,The Chit Funds Acts,25,True,2024,56.0,0.0,,
SLL,The Negotiable Instruments Act,26,True,2022,21.0,0.0,,
SLL,The Negotiable Instruments Act,26,True,2023,17.0,0.0,,
SLL,The Negotiable Instruments Act,26,True,2024,18.0,0.0,,
SLL,The Benami Transaction (Prohibition) Act,27,True,2022,1.0,0.0,,
SLL,The Benami Transaction (Prohibition) Act,27,True,2023,2.0,0.0,,
SLL,The Benami Transaction (Prohibition) Act,27,True,2024,0.0,0.0,,
SLL,The Mines and Minerals (Development and Regulation) Act,28,True,2022,14219.0,1.0,,
SLL,The Mines and Minerals (Development and Regulation) Act,28,True,2023,13162.0,0.9,,
SLL,The Mines and Minerals (Development and Regulation) Act,28,True,2024,14300.0,1.0,,
SLL,Prevention of Corruption Act,29,True,2022,1078.0,0.1,,
SLL,Prevention of Corruption Act,29,True,2023,1139.0,0.1,,
SLL,Prevention of Corruption Act,29,True,2024,989.0,0.1,,
SLL,Finance & Economic Acts (Total of Sl.24-29),,False,2022,20270.0,1.5,,
SLL,Finance & Economic Acts (Total of Sl.24-29),,False,2023,22922.0,1.6,,
SLL,Finance & Economic Acts (Total of Sl.24-29),,False,2024,23262.0,1.7,,
SLL,Prohibition Act (State),30,True,2022,704281.0,51.0,,
SLL,Prohibition Act (State),30,True,2023,781910.0,56.2,,
SLL,Prohibition Act (State),30,True,2024,797026.0,56.7,,
SLL,The Excise Act,31,True,2022,357833.0,25.9,,
SLL,The Excise Act,31,True,2023,364497.0,26.2,,
SLL,The Excise Act,31,True,2024,332638.0,23.7,,
SLL,The Narcotic Drugs & Psychotropic Substances Act,32,True,2022,115236.0,8.4,,
SLL,The Narcotic Drugs & Psychotropic Substances Act,32,True,2023,120010.0,8.6,,
SLL,The Narcotic Drugs & Psychotropic Substances Act,32,True,2024,109890.0,7.8,,
SLL,Possession of drugs for Personal use/Consumption,32.1,False,2022,77172.0,5.6,,
SLL,Possession of drugs for Personal use/Consumption,32.1,False,2023,78581.0,5.6,,
SLL,Possession of drugs for Personal use/Consumption,32.1,False,2024,72184.0,5.1,,
SLL,Possession of drugs for Trafficking,32.2,False,2022,38064.0,2.8,,
SLL,Possession of drugs for Trafficking,32.2,False,2023,41429.0,3.0,,
SLL,Possession of drugs for Trafficking,32.2,False,2024,37706.0,2.7,,
SLL,Liquor & Narcotic Drugs – Related Acts (Total of Sl.30-32),,False,2022,1177350.0,85.3,,
SLL,Liquor & Narcotic Drugs – Related Acts (Total of Sl.30-32),,False,2023,1266417.0,91.0,,
SLL,Liquor & Narcotic Drugs – Related Acts (Total of Sl.30-32),,False,2024,1239554.0,88.2,,
SLL,The Forest Act & The Forest Conservation Act,33,True,2022,1921.0,0.1,,
SLL,The Forest Act & The Forest Conservation Act,33,True,2023,2076.0,0.1,,
SLL,The Forest Act & The Forest Conservation Act,33,True,2024,1425.0,0.1,,
SLL,The Wildlife Protection Act,34,True,2022,535.0,0.0,,
SLL,The Wildlife Protection Act,34,True,2023,526.0,0.0,,
SLL,The Wildlife Protection Act,34,True,2024,497.0,0.0,,
SLL,The Environmental (Protection) Act,35,True,2022,329.0,0.0,,
SLL,The Environmental (Protection) Act,35,True,2023,389.0,0.0,,
SLL,The Environmental (Protection) Act,35,True,2024,754.0,0.1,,
SLL,The Air & The Water (Prevention & Control of Pollution) Act,36,True,2022,78.0,0.0,,
SLL,The Air & The Water (Prevention & Control of Pollution) Act,36,True,2023,68.0,0.0,,
SLL,The Air & The Water (Prevention & Control of Pollution) Act,36,True,2024,18.0,0.0,,
SLL,The Cigarette and Other Tobacco Products Act,37,True,2022,42642.0,3.1,,
SLL,The Cigarette and Other Tobacco Products Act,37,True,2023,59279.0,4.3,,
SLL,The Cigarette and Other Tobacco Products Act,37,True,2024,46333.0,3.3,,
SLL,Noise Pollution Acts,38,True,2022,7378.0,0.5,,
SLL,Noise Pollution Acts,38,True,2023,6640.0,0.5,,
SLL,Noise Pollution Acts,38,True,2024,8639.0,0.6,,
SLL,The National Green Tribunal Act,39,True,2022,37.0,0.0,,
SLL,The National Green Tribunal Act,39,True,2023,16.0,0.0,,
SLL,The National Green Tribunal Act,39,True,2024,4.0,0.0,,
SLL,Environment & Pollution– Related Acts (Total of Sl. 33-39),,False,2022,52920.0,3.8,,
SLL,Environment & Pollution– Related Acts (Total of Sl. 33-39),,False,2023,68994.0,5.0,,
SLL,Environment & Pollution– Related Acts (Total of Sl. 33-39),,False,2024,57670.0,4.1,,
SLL,The Registration of Foreigners Act & The Foreigners Act,40,True,2022,1270.0,0.1,,
SLL,The Registration of Foreigners Act & The Foreigners Act,40,True,2023,1344.0,0.1,,
SLL,The Registration of Foreigners Act & The Foreigners Act,40,True,2024,1494.0,0.1,,
SLL,The Passport Act,41,True,2022,513.0,0.0,,
SLL,The Passport Act,41,True,2023,841.0,0.1,,
SLL,The Passport Act,41,True,2024,1185.0,0.1,,
SLL,The Emigration Act,42,True,2022,94.0,0.0,,
SLL,The Emigration Act,42,True,2023,95.0,0.0,,
SLL,The Emigration Act,42,True,2024,194.0,0.0,,
SLL,The Citizenship Act,43,True,2022,1.0,0.0,,
SLL,The Citizenship Act,43,True,2023,10.0,0.0,,
SLL,The Citizenship Act,43,True,2024,1.0,0.0,,
SLL,Foreigner & Passport – Related Acts (Total of Sl. 40-43),,False,2022,1878.0,0.1,,
SLL,Foreigner & Passport – Related Acts (Total of Sl. 40-43),,False,2023,2290.0,0.2,,
SLL,Foreigner & Passport – Related Acts (Total of Sl. 40-43),,False,2024,2874.0,0.2,,
SLL,The Indian Railways Act,44,True,2022,171.0,0.0,,
SLL,The Indian Railways Act,44,True,2023,96.0,0.0,,
SLL,The Indian Railways Act,44,True,2024,116.0,0.0,,
SLL,The Railway Property (Unlawful Possession) Act,45,True,2022,9.0,0.0,,
SLL,The Railway Property (Unlawful Possession) Act,45,True,2023,3.0,0.0,,
SLL,The Railway Property (Unlawful Possession) Act,45,True,2024,2.0,0.0,,
SLL,Railways – Related Acts (Total of Sl.44&45),,False,2022,180.0,0.0,,
SLL,Railways – Related Acts (Total of Sl.44&45),,False,2023,99.0,0.0,,
SLL,Railways – Related Acts (Total of Sl.44&45),,False,2024,118.0,0.0,,
SLL,The Indian Telegraph Act,46,True,2022,40.0,0.0,,
SLL,The Indian Telegraph Act,46,True,2023,30.0,0.0,,
SLL,The Indian Telegraph Act,46,True,2024,29.0,0.0,,
SLL,The Telegraph Wire (Unlawful Possession) Act,47,True,2022,5.0,0.0,,
SLL,The Telegraph Wire (Unlawful Possession) Act,47,True,2023,11.0,0.0,,
SLL,The Telegraph Wire (Unlawful Possession) Act,47,True,2024,4.0,0.0,,
SLL,The Cinematograph Act,48,True,2022,8.0,0.0,,
SLL,The Cinematograph Act,48,True,2023,8.0,0.0,,
SLL,The Cinematograph Act,48,True,2024,5.0,0.0,,
SLL,The Cable Television Networks (Regulation) Act,49,True,2022,2.0,0.0,,
SLL,The Cable Television Networks (Regulation) Act,49,True,2023,1.0,0.0,,
SLL,The Cable Television Networks (Regulation) Act,49,True,2024,1.0,0.0,,
SLL,Telegraph/Cinematograph Acts (Total of Sl.46-49),,False,2022,55.0,0.0,,
SLL,Telegraph/Cinematograph Acts (Total of Sl.46-49),,False,2023,50.0,0.0,,
SLL,Telegraph/Cinematograph Acts (Total of Sl.46-49),,False,2024,39.0,0.0,,
SLL,The Essential Commodities Act,50,True,2022,5621.0,0.4,,
SLL,The Essential Commodities Act,50,True,2023,4083.0,0.3,,
SLL,The Essential Commodities Act,50,True,2024,4042.0,0.3,,
SLL,The Prevention of Food Adulteration Act,51,True,2022,17.0,0.0,,
SLL,The Prevention of Food Adulteration Act,51,True,2023,9.0,0.0,,
SLL,The Prevention of Food Adulteration Act,51,True,2024,12.0,0.0,,
SLL,The Food Safety & Standards Act,52,True,2022,237.0,0.0,,
SLL,The Food Safety & Standards Act,52,True,2023,234.0,0.0,,
SLL,The Food Safety & Standards Act,52,True,2024,210.0,0.0,,
SLL,"Food, Drugs and Essential Commodities Acts (Total of Sl. 50-52)",,False,2022,5875.0,0.4,,
SLL,"Food, Drugs and Essential Commodities Acts (Total of Sl. 50-52)",,False,2023,4326.0,0.3,,
SLL,"Food, Drugs and Essential Commodities Acts (Total of Sl. 50-52)",,False,2024,4264.0,0.3,,
SLL,MCOCA/Control of Organised Crimes,53,True,2022,54.0,0.0,,
SLL,MCOCA/Control of Organised Crimes,53,True,2023,62.0,0.0,,
SLL,MCOCA/Control of Organised Crimes,53,True,2024,16.0,0.0,,
SLL,The Gambling Act,54,True,2022,169254.0,12.3,,
SLL,The Gambling Act,54,True,2023,166273.0,11.9,,
SLL,The Gambling Act,54,True,2024,145224.0,10.3,,
SLL,The Electricity Act,55,True,2022,282705.0,20.5,,
SLL,The Electricity Act,55,True,2023,306671.0,22.0,,
SLL,The Electricity Act,55,True,2024,212212.0,15.1,,
SLL,The Antiques and Art Treasures Act,56,True,2022,10.0,0.0,,
SLL,The Antiques and Art Treasures Act,56,True,2023,11.0,0.0,,
SLL,The Antiques and Art Treasures Act,56,True,2024,13.0,0.0,,
SLL,The Representation of the People Act,57,True,2022,168.0,0.0,,
SLL,The Representation of the People Act,57,True,2023,423.0,0.0,,
SLL,The Representation of the People Act,57,True,2024,507.0,0.0,,
SLL,The Bonded Labour System (Abolition) Act,58,True,2022,1421.0,0.1,,
SLL,The Bonded Labour System (Abolition) Act,58,True,2023,1246.0,0.1,,
SLL,The Bonded Labour System (Abolition) Act,58,True,2024,657.0,0.0,,
SLL,For Crimes against SCs,58.1,False,2022,1315.0,0.1,,
SLL,For Crimes against SCs,58.1,False,2023,1171.0,0.1,,
SLL,For Crimes against SCs,58.1,False,2024,591.0,0.0,,
SLL,For Crimes against STs,58.2,False,2022,33.0,0.0,,
SLL,For Crimes against STs,58.2,False,2023,21.0,0.0,,
SLL,For Crimes against STs,58.2,False,2024,38.0,0.0,,
SLL,Against others,58.3,False,2022,73.0,0.0,,
SLL,Against others,58.3,False,2023,54.0,0.0,,
SLL,Against others,58.3,False,2024,28.0,0.0,,
SLL,The Prevention of Insults to National Honour Act,59,True,2022,85.0,0.0,,
SLL,The Prevention of Insults to National Honour Act,59,True,2023,50.0,0.0,,
SLL,The Prevention of Insults to National Honour Act,59,True,2024,57.0,0.0,,
SLL,Defacement of Public Property Acts,60,True,2022,3415.0,0.2,,
SLL,Defacement of Public Property Acts,60,True,2023,4327.0,0.3,,
SLL,Defacement of Public Property Acts,60,True,2024,5469.0,0.4,,
SLL,The Transplantation of Human Organs Act,61,True,2022,3.0,0.0,,
SLL,The Transplantation of Human Organs Act,61,True,2023,1.0,0.0,,
SLL,The Transplantation of Human Organs Act,61,True,2024,4.0,0.0,,
SLL,Transgender Persons (Protection of Rights) Act,62,True,2022,1.0,0.0,,
SLL,Transgender Persons (Protection of Rights) Act,62,True,2023,11.0,0.0,,
SLL,Transgender Persons (Protection of Rights) Act,62,True,2024,10.0,0.0,,
SLL,"Rights of Persons with Disabilities Act, 2016",63,True,2022,,,,
SLL,"Rights of Persons with Disabilities Act, 2016",63,True,2023,56.0,0.0,,
SLL,"Rights of Persons with Disabilities Act, 2016",63,True,2024,,,,
SLL,Prevention of Cruelty to Animal Act,64,True,2022,,,,
SLL,Prevention of Cruelty to Animal Act,64,True,2023,9039.0,0.6,,
SLL,Prevention of Cruelty to Animal Act,64,True,2024,,,,
SLL,The Mental Health Act,65,True,2022,350.0,0.0,,
SLL,The Mental Health Act,65,True,2023,325.0,0.0,,
SLL,The Mental Health Act,65,True,2024,379.0,0.0,,
SLL,Motor Vehicle Act,66,True,2022,94450.0,6.8,,
SLL,Motor Vehicle Act,66,True,2023,191828.0,13.8,,
SLL,Motor Vehicle Act,66,True,2024,195967.0,13.9,,
SLL,City/Town Police Acts,67,True,2022,48501.0,3.5,,
SLL,City/Town Police Acts,67,True,2023,50018.0,3.6,,
SLL,City/Town Police Acts,67,True,2024,58372.0,4.2,,
SLL,Other State Local Acts,68,True,2022,117426.0,8.5,,
SLL,Other State Local Acts,68,True,2023,109118.0,7.8,,
SLL,Other State Local Acts,68,True,2024,104820.0,7.5,,
SLL,Other Regulatory & Enforcement – Acts (Total of Sl.53-68),,False,2022,717843.0,52.0,,
SLL,Other Regulatory & Enforcement – Acts (Total of Sl.53-68),,False,2023,830364.0,59.6,,
SLL,Other Regulatory & Enforcement – Acts (Total of Sl.53-68),,False,2024,732802.0,52.2,,
SLL,Other SLL Crimes,69,True,2022,75665.0,5.5,,
SLL,Other SLL Crimes,69,True,2023,53670.0,3.9,,
SLL,Other SLL Crimes,69,True,2024,63437.0,4.5,,
SLL,Total Cognizable SLL Crimes,,False,2022,2263567.0,164.1,,
SLL,Total Cognizable SLL Crimes,,False,2023,2478467.0,178.0,,
SLL,Total Cognizable SLL Crimes,,False,2024,2341259.0,166.6,,
