state,year,value_stolen,value_recovered,recovery_pct
Andhra Pradesh,2021,144.7,77.0,53.2
Arunachal Pradesh,2021,13.8,3.0,21.8
Assam,2021,90.9,21.6,23.8
Bihar,2021,158.5,32.1,20.3
Chhattisgarh,2021,60.6,22.4,37.0
Goa,2021,8.7,3.3,38.4
Gujarat,2021,175.1,67.3,38.4
Haryana,2021,225.0,84.0,37.3
Himachal Pradesh,2021,13.1,7.2,55.0
Jharkhand,2021,36.7,6.0,16.4
Karnataka,2021,311.3,143.9,46.2
Kerala,2021,68.8,27.5,39.9
Madhya Pradesh,2021,209.0,110.4,52.8
Maharashtra,2021,771.8,252.5,32.7
Manipur,2021,16.3,1.0,6.0
Meghalaya,2021,9.1,1.0,11.4
Mizoram,2021,6.6,2.2,32.7
Nagaland,2021,7.2,1.1,15.3
Odisha,2021,847.5,43.1,5.1
Punjab,2021,128.5,40.3,31.3
Rajasthan,2021,345.8,160.6,46.5
Sikkim,2021,0.5,0.1,16.1
Tamil Nadu,2021,177.9,115.3,64.8
Telangana,2021,126.1,64.7,51.3
Tripura,2021,5.5,1.5,26.6
Uttar Pradesh,2021,353.6,129.4,36.6
Uttarakhand,2021,22.5,15.4,68.7
West Bengal,2021,60.3,24.4,40.5
Andaman & Nicobar Islands,2021,0.4,0.2,40.7
Chandigarh,2021,7.2,1.7,23.5
DNH & Daman & Diu,2021,4.6,3.3,70.4
Delhi,2021,722.4,80.4,11.1
Jammu & Kashmir,2021,37.3,15.0,40.2
Ladakh,2021,1.3,0.2,18.1
Lakshadweep,2021,0.0,0.0,31.3
Puducherry,2021,4.7,2.1,44.1
Andhra Pradesh,2022,179.8,97.8,54.4
Arunachal Pradesh,2022,15.0,4.1,27.4
Assam,2022,113.0,61.9,54.8
Bihar,2022,176.4,36.1,20.4
Chhattisgarh,2022,76.6,33.2,43.4
Goa,2022,15.7,4.6,29.5
Gujarat,2022,300.5,90.2,30.0
Haryana,2022,267.5,82.2,30.7
Himachal Pradesh,2022,17.2,8.5,49.5
Jharkhand,2022,56.0,8.5,15.1
Karnataka,2022,402.3,179.0,44.5
Kerala,2022,75.1,30.2,40.2
Madhya Pradesh,2022,237.3,132.8,56.0
Maharashtra,2022,941.5,298.8,31.7
Manipur,2022,20.1,1.2,6.0
Meghalaya,2022,13.7,0.7,4.9
Mizoram,2022,15.3,8.2,53.5
Nagaland,2022,7.1,1.0,13.9
Odisha,2022,271.4,48.1,17.7
Punjab,2022,141.3,46.1,32.6
Rajasthan,2022,439.7,185.9,42.3
Sikkim,2022,1.6,0.2,9.5
Tamil Nadu,2022,193.5,110.7,57.2
Telangana,2022,162.9,84.9,52.1
Tripura,2022,6.0,1.6,26.2
Uttar Pradesh,2022,259.6,119.3,46.0
Uttarakhand,2022,26.1,22.5,86.3
West Bengal,2022,101.8,50.4,49.5
Andaman & Nicobar Islands,2022,0.9,0.5,57.6
Chandigarh,2022,11.5,3.0,25.9
DNH & Daman & Diu,2022,3.0,1.2,41.5
Delhi,2022,624.1,106.3,17.0
Jammu & Kashmir,2022,44.7,20.4,45.7
Ladakh,2022,0.3,0.1,26.8
Lakshadweep,2022,0.3,0.0,0.0
Puducherry,2022,4.8,2.3,47.5
Andhra Pradesh,2023,216.5,102.4,47.3
Arunachal Pradesh,2023,16.2,5.9,36.2
Assam,2023,135.0,86.1,63.8
Bihar,2023,216.7,66.8,30.8
Chhattisgarh,2023,70.3,28.9,41.1
Goa,2023,19.9,7.5,37.7
Gujarat,2023,423.5,98.1,23.2
Haryana,2023,535.4,119.0,22.2
Himachal Pradesh,2023,22.2,12.2,55.1
Jharkhand,2023,80.0,11.3,14.1
Karnataka,2023,497.4,194.7,39.1
Kerala,2023,102.0,34.0,33.3
Madhya Pradesh,2023,208.4,103.1,49.4
Maharashtra,2023,1029.7,334.6,32.5
Manipur,2023,759.1,0.8,0.1
Meghalaya,2023,19.1,0.9,4.8
Mizoram,2023,9.4,4.0,42.0
Nagaland,2023,5.1,0.6,11.2
Odisha,2023,420.6,69.0,16.4
Punjab,2023,136.1,58.0,42.6
Rajasthan,2023,460.1,183.5,39.9
Sikkim,2023,2.6,0.4,15.7
Tamil Nadu,2023,198.7,131.6,66.2
Telangana,2023,173.8,92.2,53.0
Tripura,2023,14.2,9.2,64.9
Uttar Pradesh,2023,222.1,111.7,50.3
Uttarakhand,2023,47.6,24.9,52.4
West Bengal,2023,123.8,47.5,38.4
Andaman & Nicobar Islands,2023,2.2,1.5,65.9
Chandigarh,2023,9.1,5.3,58.9
DNH & Daman & Diu,2023,6.9,2.0,29.5
Delhi,2023,688.6,99.7,14.5
Jammu & Kashmir,2023,38.8,16.1,41.5
Ladakh,2023,0.4,0.2,54.2
Lakshadweep,2023,1.9,0.0,1.9
Puducherry,2023,3.8,1.4,36.8
